{
    "adho mukha savanasana": {
        "left_shoulder": [
            136.76849801472656,
            12.300695981229852
        ],
        "right_shoulder": [
            137.53780659937527,
            15.045982812538732
        ],
        "left_elbow": [
            102.16914798124238,
            26.9910840058783
        ],
        "right_elbow": [
            102.65798751957611,
            25.066728759322405
        ],
        "left_leg_waist": [
            80.86550859052088,
            12.74865726675633
        ],
        "right_leg_waist": [
            81.58383749693445,
            14.851918229991723
        ],
        "left_knee": [
            166.01864996574406,
            8.820334601078308
        ],
        "right_knee": [
            164.2620482134583,
            11.904107568483163
        ]
    },
    "ashtanga namaskar": {
        "left_shoulder": [
            136.02782917578602,
            25.916878490848813
        ],
        "right_shoulder": [
            66.65466166631929,
            28.511055897446706
        ],
        "left_elbow": [
            111.49207167631702,
            31.126081240099825
        ],
        "right_elbow": [
            113.674496959817,
            28.84147376476372
        ],
        "left_leg_waist": [
            124.5705461359506,
            16.323960611648463
        ],
        "right_leg_waist": [
            126.69108603961861,
            18.98513476690932
        ],
        "left_knee": [
            129.95119220136544,
            15.757777558023806
        ],
        "right_knee": [
            128.35828781638077,
            18.231984829847327
        ]
    },
    "aswa sanchalnasan": {
        "left_shoulder": [
            100.6474963292816,
            9.453069612254959
        ],
        "right_shoulder": [
            61.65705906378705,
            16.157197778298297
        ],
        "left_elbow": [
            141.52201459430555,
            16.61299761963975
        ],
        "right_elbow": [
            141.17793006846688,
            15.582859024320895
        ],
        "left_leg_waist": [
            108.37830197790151,
            39.638587001851924
        ],
        "right_leg_waist": [
            99.63098249512474,
            42.70710358755279
        ],
        "left_knee": [
            121.5936567972053,
            30.65592638852436
        ],
        "right_knee": [
            120.25530007172398,
            30.383608078592225
        ]
    },
    "bhujangasana": {
        "left_shoulder": [
            102.7592436087021,
            18.16304387672723
        ],
        "right_shoulder": [
            52.78693765810297,
            22.82819289481649
        ],
        "left_elbow": [
            136.3887966949279,
            26.884983083947937
        ],
        "right_elbow": [
            135.5198536371785,
            28.744896363296267
        ],
        "left_leg_waist": [
            123.0191069522305,
            21.470439969915724
        ],
        "right_leg_waist": [
            126.1507193914768,
            18.616271519330787
        ],
        "left_knee": [
            150.3067151109956,
            26.249426215839932
        ],
        "right_knee": [
            149.36861950503462,
            26.071738023989177
        ]
    },
    "pranamasan": {
        "left_shoulder": [
            73.53088683184413,
            31.243969181911737
        ],
        "right_shoulder": [
            38.408461085603676,
            19.317076299507747
        ],
        "left_elbow": [
            120.51366310376613,
            15.36384861743281
        ],
        "right_elbow": [
            123.7628459031437,
            13.719657546928175
        ],
        "left_leg_waist": [
            157.33228854385158,
            13.259957771117975
        ],
        "right_leg_waist": [
            159.3697177489577,
            12.243643277954988
        ],
        "left_knee": [
            144.90742573841337,
            30.657945921127954
        ],
        "right_knee": [
            147.58104944871826,
            24.842952750974348
        ]
    },
    "urdhva hastasana": {
        "left_shoulder": [
            109.9278678081661,
            23.38662005527685
        ],
        "right_shoulder": [
            144.35634911946707,
            28.824970133303186
        ],
        "left_elbow": [
            139.48044022896488,
            29.387268556494597
        ],
        "right_elbow": [
            142.52477362251756,
            22.38559941079444
        ],
        "left_leg_waist": [
            158.94663209028275,
            18.656940946254572
        ],
        "right_leg_waist": [
            155.96143722565424,
            16.685690329838234
        ],
        "left_knee": [
            149.33102543157054,
            18.14801574279292
        ],
        "right_knee": [
            148.14645259384264,
            14.402050705048806
        ]
    },
    "uttanasana": {
        "left_shoulder": [
            111.62410471626224,
            21.00321246559014
        ],
        "right_shoulder": [
            105.22961902377625,
            25.566349132597495
        ],
        "left_elbow": [
            112.7894403435365,
            24.185559145783753
        ],
        "right_elbow": [
            109.03233267357335,
            25.291837383727856
        ],
        "left_leg_waist": [
            44.21656405524126,
            24.211302507552656
        ],
        "right_leg_waist": [
            41.09152193008992,
            25.155200509196703
        ],
        "left_knee": [
            151.8343203391855,
            20.996822360471175
        ],
        "right_knee": [
            151.4690775713561,
            21.094987598187057
        ]
    }
}